{"photoUrl": "", "courseId": "bVgqTevEEeWvGQrWsIkLlw", "userId": 113425, "id": "113425~bVgqTevEEeWvGQrWsIkLlw", "learnerId": 113425, "courseRole": "LEARNER", "fullName": "Sergey Smirnov", "externalUserId": "f6d4af908ee066e2f61a6ef13183ef07"}
{"courseId": "bVgqTevEEeWvGQrWsIkLlw", "userId": 22938866, "externalUserId": "c371f8831da4f666e3b708267a89c5e2", "learnerId": 22938866, "courseRole": "LEARNER", "fullName": "Zhe Du", "id": "22938866~bVgqTevEEeWvGQrWsIkLlw"}
{"photoUrl": "https://coursera-profile-photos.s3.amazonaws.com/c2/424b40c35111e5b4bd29fec6467aa2/foto-perfil.jpg", "courseId": "bVgqTevEEeWvGQrWsIkLlw", "userId": 7751101, "id": "7751101~bVgqTevEEeWvGQrWsIkLlw", "learnerId": 7751101, "courseRole": "LEARNER", "fullName": "Ramon Gustavo Teodoro Marques da Silva", "externalUserId": "958273c81d226a3482df909e72b68e04"}
{"photoUrl": "https://coursera-profile-photos.s3.amazonaws.com/df/9e53c0b0c511e6990d737317ff0f8f/daniel-profile.png", "courseId": "bVgqTevEEeWvGQrWsIkLlw", "userId": 18855930, "id": "18855930~bVgqTevEEeWvGQrWsIkLlw", "learnerId": 18855930, "courseRole": "LEARNER", "fullName": "Daniel DuPlessis", "externalUserId": "244d55eab2259c7bb05f4f771808777c"}
{"photoUrl": "https://coursera-profile-photos.s3.amazonaws.com/9b/fe2cc03ab011e6baac9df76b8e4cc0/foto.jpg", "courseId": "bVgqTevEEeWvGQrWsIkLlw", "userId": 12641252, "id": "12641252~bVgqTevEEeWvGQrWsIkLlw", "learnerId": 12641252, "courseRole": "LEARNER", "fullName": "Filippo Quarta", "externalUserId": "01d9c60072eba1326c68241b084f1cad"}
{"photoUrl": "https://coursera-profile-photos.s3.amazonaws.com/5b/ae2e10b8b211e6baab21b9c2e2b2ce/23.jpg", "courseId": "bVgqTevEEeWvGQrWsIkLlw", "userId": 4102298, "id": "4102298~bVgqTevEEeWvGQrWsIkLlw", "learnerId": 4102298, "courseRole": "MENTOR", "fullName": "Arefeh Yavari", "externalUserId": "8a071a3e13e59f5f7eb3d23211399132"}
{"photoUrl": "https://coursera-profile-photos.s3.amazonaws.com/5b/ae2e10b8b211e6baab21b9c2e2b2ce/23.jpg", "courseId": "bVgqTevEEeWvGQrWsIkLlw", "userId": 4102298, "id": "4102298~bVgqTevEEeWvGQrWsIkLlw", "learnerId": 4102298, "courseRole": "MENTOR", "fullName": "Arefeh Yavari", "externalUserId": "8a071a3e13e59f5f7eb3d23211399132"}
{"photoUrl": "", "courseId": "bVgqTevEEeWvGQrWsIkLlw", "userId": 172542, "id": "172542~bVgqTevEEeWvGQrWsIkLlw", "learnerId": 172542, "courseRole": "LEARNER", "fullName": "Vincent Stuart", "externalUserId": "499fb82a567409d26f7c711cbd743d89"}
{"photoUrl": "https://coursera-profile-photos.s3.amazonaws.com/93/cc6965d39dcd8e17818bf013ec8141/126849main_image_feature_401_ys_2.jpg", "courseId": "bVgqTevEEeWvGQrWsIkLlw", "userId": 1230929, "id": "1230929~bVgqTevEEeWvGQrWsIkLlw", "learnerId": 1230929, "courseRole": "LEARNER", "fullName": "Latifa", "externalUserId": "b545714c855338c3c9f1545a9c493f55"}
{"photoUrl": "https://coursera-profile-photos.s3.amazonaws.com/5b/ae2e10b8b211e6baab21b9c2e2b2ce/23.jpg", "courseId": "bVgqTevEEeWvGQrWsIkLlw", "userId": 4102298, "id": "4102298~bVgqTevEEeWvGQrWsIkLlw", "learnerId": 4102298, "courseRole": "MENTOR", "fullName": "Arefeh Yavari", "externalUserId": "8a071a3e13e59f5f7eb3d23211399132"}
{"photoUrl": "https://coursera-profile-photos.s3.amazonaws.com/93/cc6965d39dcd8e17818bf013ec8141/126849main_image_feature_401_ys_2.jpg", "courseId": "bVgqTevEEeWvGQrWsIkLlw", "userId": 1230929, "id": "1230929~bVgqTevEEeWvGQrWsIkLlw", "learnerId": 1230929, "courseRole": "LEARNER", "fullName": "Latifa", "externalUserId": "b545714c855338c3c9f1545a9c493f55"}
{"photoUrl": "https://coursera-profile-photos.s3.amazonaws.com/5b/ae2e10b8b211e6baab21b9c2e2b2ce/23.jpg", "courseId": "bVgqTevEEeWvGQrWsIkLlw", "userId": 4102298, "id": "4102298~bVgqTevEEeWvGQrWsIkLlw", "learnerId": 4102298, "courseRole": "MENTOR", "fullName": "Arefeh Yavari", "externalUserId": "8a071a3e13e59f5f7eb3d23211399132"}
{"photoUrl": "https://coursera-profile-photos.s3.amazonaws.com/06/cab3f0373911e68298ed72f15264a2/IMG_3986.jpg", "courseId": "bVgqTevEEeWvGQrWsIkLlw", "userId": 18913600, "id": "18913600~bVgqTevEEeWvGQrWsIkLlw", "learnerId": 18913600, "courseRole": "UNIVERSITY_ADMIN", "fullName": "Liz Li", "externalUserId": "37953bc430fbcf2a158506ac398ef2bf"}
{"photoUrl": "https://coursera-profile-photos.s3.amazonaws.com/5c/34a080b60611e596ddffa17da4aea1/IMG_20150420_124519.jpg", "courseId": "bVgqTevEEeWvGQrWsIkLlw", "userId": 139781, "id": "139781~bVgqTevEEeWvGQrWsIkLlw", "learnerId": 139781, "courseRole": "LEARNER", "fullName": "Binil Kuriachan", "externalUserId": "72006f36f654729e23555395ce682c7c"}
